{
  "w": {
    "holes": -3.035384171419512,
    "max_height": -5.226353083060909,
    "avg_height": -0.1,
    "filled": -1.4637042595143475,
    "edge_penalty": -2.0613213831318444,
    "cluster_score": 0,
    "row_almost_full": 5,
    "col_almost_full": 7.055663018366985,
    "empty_rows": 1.1003305331531097,
    "combo_preservation": 52.69466402355542,
    "piece_fit": 17.74798463306962,
    "diversity": 5.638291482836981,
    "cleared_lines": 146.77217581645678,
    "immediate_gain": 2.248101138602059
  },
  "f": 2412.3648000000003
}